{
    "Aortic Valve": [
        0.01481867,
        0.4726672,
        0.00294977
    ],
    "Mitral Valve": [
        0.01877311,
        0.4532922,
        -0.01722631
    ],
    "Tricuspid Valve": [
        -0.00114038,
        0.45355282,
        0.01206159
    ],
    "Pulmonary Valve": [
        0.02643276,
        0.48393154,
        0.01625739
    ],
    "Left Ventricle(LV)": [
        0.04642639,
        0.44509442,
        0.01230498
    ],
    "Right Ventricle(RV)": [
        0.01645421,
        0.43979382,
        0.03271563
    ],
    "Right Atrium": [
        -0.02312842,
        0.46455197,
        -0.00401603
    ],
    "Left Atrium": [
        -0.00290066,
        0.46467663,
        -0.0268197
    ],
    "Interventricular Septum": [
        0.04786646,
        0.44736386,
        0.03461284
    ],
    "Interatrial Septum": [
        -0.01999573,
        0.46714581,
        -0.01801147
    ],
    "Papillary Muscles": [
        0.03474694,
        0.44383908,
        0.01331031
    ],
    "Chordae Tendineae": [
        0.02391179,
        0.45671459,
        -0.01509928
    ],
    "Aortic Root & Ascending Aorta": [
        0.00643341,
        0.4986137,
        -0.00033102
    ],
    "Main Pulmonary Artery": [
        0.00836453,
        0.49537533,
        -0.02015677
    ],
    "Pericardium": [
        0.04129755,
        0.46701153,
        0.03105278
    ]
}