{
    "Aortic Valve": [
        1.481866717338562,
        -0.796116828918457,
        133.09552001953125
    ],
    "Mitral Valve": [
        1.8773114681243896,
        1.2214915752410889,
        131.15802001953125
    ],
    "Tricuspid Valve": [
        -0.1140383780002594,
        -1.7072985172271729,
        131.18408203125
    ],
    "Pulmonary Valve": [
        2.6432762145996094,
        -2.1268787384033203,
        134.22195434570312
    ],
    "Left Ventricle(LV)": [
        4.64263916015625,
        -1.731637716293335,
        130.33824157714844
    ],
    "Right Ventricle(RV)": [
        1.6454212665557861,
        -3.772702693939209,
        129.8081817626953
    ],
    "Right Atrium": [
        -2.3128416538238525,
        -0.09953677654266357,
        132.28399658203125
    ],
    "Left Atrium": [
        -0.2900661528110504,
        2.180830240249634,
        132.2964630126953
    ],
    "Interventricular Septum": [
        4.786645889282227,
        -3.962423086166382,
        130.565185546875
    ],
    "Interatrial Septum": [
        -1.99957275390625,
        1.3000073432922363,
        132.5433807373047
    ],
    "Papillary Muscles": [
        3.474693536758423,
        -1.8321702480316162,
        130.21270751953125
    ],
    "Chordae Tendineae": [
        2.391179084777832,
        1.0087887048721313,
        131.50025939941406
    ],
    "Aortic Root & Ascending Aorta": [
        0.6433414816856384,
        -0.46803751587867737,
        135.69017028808594
    ],
    "Main Pulmonary Artery": [
        0.8364526629447937,
        1.5145373344421387,
        135.3663330078125
    ],
    "Pericardium": [
        4.129755020141602,
        -3.606417655944824,
        132.5299530029297
    ]
}